{
    "rmse": 0.7583958170268177,
    "mae": 0.6139804025787258,
    "r2": 0.04837158291897059
}