{
    "acc": 0.9965457685664939,
    "recall": 0.9895833333333334,
    "prec": 0.9895833333333334
}